Week,Average Views
29 May 2023 - 04 June 2023,7563
05 June 2023 - 11 June 2023,8831
12 June 2023 - 18 June 2023,9688
19 June 2023 - 25 June 2023,10736
26 June 2023 - 02 July 2023,10802
03 July 2023 - 09 July 2023,12257
10 July 2023 - 16 July 2023,12225
17 July 2023 - 23 July 2023,10099
24 July 2023 - 30 July 2023,10336
31 July 2023 - 06 August 2023,12127
07 August 2023 - 13 August 2023,12648
14 August 2023 - 20 August 2023,10667
21 August 2023 - 27 August 2023,9289
28 August 2023 - 03 September 2023,10999
04 September 2023 - 10 September 2023,11911
11 September 2023 - 17 September 2023,11841
18 September 2023 - 24 September 2023,9735
25 September 2023 - 01 October 2023,10255
02 October 2023 - 08 October 2023,10343
09 October 2023 - 15 October 2023,9765
16 October 2023 - 22 October 2023,10374
23 October 2023 - 29 October 2023,12489
30 October 2023 - 05 November 2023,11741
06 November 2023 - 12 November 2023,9677
18 December 2023 - 24 December 2023,11596
25 December 2023 - 31 December 2023,9812
01 January 2024 - 07 January 2024,11120
08 January 2024 - 14 January 2024,10277
15 January 2024 - 21 January 2024,13123
22 January 2024 - 28 January 2024,10272
29 January 2024 - 04 February 2024,11900
05 February 2024 - 11 February 2024,10580
12 February 2024 - 18 February 2024,9085
19 February 2024 - 25 February 2024,12736
26 February 2024 - 03 March 2024,9497
04 March 2024 - 10 March 2024,9776
11 March 2024 - 17 March 2024,23875
18 March 2024 - 24 March 2024,12163
25 March 2024 - 31 March 2024,11537
01 April 2024 - 07 April 2024,8134
08 April 2024 - 14 April 2024,9965
15 April 2024 - 21 April 2024,17070
22 April 2024 - 28 April 2024,9484
29 April 2024 - 05 May 2024,8312
06 May 2024 - 12 May 2024,11059
13 May 2024 - 19 May 2024,4452
20 May 2024 - 26 May 2024,10275
27 May 2024 - 02 June 2024,5294
