Date,Average Views
04 June 2023,19988
05 June 2023,27245
06 June 2023,20192
07 June 2023,14173
08 June 2023,32857
09 June 2023,28654
10 June 2023,26989
11 June 2023,20047
12 June 2023,10091
13 June 2023,15853
14 June 2023,27406
15 June 2023,30229
16 June 2023,19107
17 June 2023,139820
18 June 2023,39408
19 June 2023,24570
20 June 2023,19560
21 June 2023,21600
22 June 2023,21146
23 June 2023,32285
24 June 2023,27580
25 June 2023,17775
26 June 2023,44855
27 June 2023,44606
28 June 2023,11015
29 June 2023,35510
30 June 2023,36469
01 July 2023,17900
02 July 2023,40388
03 July 2023,46658
04 July 2023,10162
05 July 2023,21523
06 July 2023,25001
07 July 2023,36478
08 July 2023,25203
09 July 2023,30543
10 July 2023,20319
11 July 2023,11881
12 July 2023,54197
13 July 2023,44830
14 July 2023,18101
15 July 2023,32898
16 July 2023,24371
17 July 2023,22800
18 July 2023,46064
19 July 2023,15859
20 July 2023,14597
21 July 2023,8958
22 July 2023,41332
23 July 2023,17017
24 July 2023,25374
25 July 2023,25829
26 July 2023,28104
27 July 2023,36867
28 July 2023,29252
29 July 2023,27862
30 July 2023,39806
31 July 2023,50225
01 August 2023,38580
02 August 2023,29950
03 August 2023,25124
04 August 2023,20187
05 August 2023,47587
06 August 2023,16687
07 August 2023,19212
08 August 2023,14842
09 August 2023,53115
10 August 2023,27204
11 August 2023,25284
12 August 2023,12120
13 August 2023,14658
14 August 2023,22399
15 August 2023,33514
16 August 2023,47010
17 August 2023,22356
18 August 2023,24644
19 August 2023,22536
20 August 2023,30207
21 August 2023,12869
22 August 2023,20695
23 August 2023,25065
24 August 2023,21715
25 August 2023,13750
26 August 2023,22182
27 August 2023,134944
28 August 2023,12126
29 August 2023,31393
30 August 2023,14990
31 August 2023,30457
01 September 2023,8795
02 September 2023,10016
03 September 2023,42819
04 September 2023,14655
05 September 2023,19239
06 September 2023,23682
07 September 2023,42871
08 September 2023,28231
09 September 2023,38535
10 September 2023,19497
11 September 2023,18492
12 September 2023,11547
13 September 2023,43778
14 September 2023,48944
15 September 2023,20062
16 September 2023,51017
17 September 2023,16723
18 September 2023,11256
19 September 2023,23545
20 September 2023,26215
21 September 2023,9198
22 September 2023,24034
23 September 2023,27691
24 September 2023,19972
25 September 2023,28482
26 September 2023,26752
27 September 2023,20177
28 September 2023,29486
29 September 2023,22712
30 September 2023,43915
01 October 2023,32368
02 October 2023,33613
03 October 2023,17878
04 October 2023,46565
05 October 2023,22959
06 October 2023,28697
07 October 2023,18516
08 October 2023,30780
09 October 2023,24477
10 October 2023,46814
11 October 2023,17745
12 October 2023,41114
13 October 2023,34535
14 October 2023,37619
15 October 2023,36716
16 October 2023,29528
17 October 2023,39502
18 October 2023,12226
19 October 2023,46588
20 October 2023,20425
21 October 2023,25280
22 October 2023,39852
23 October 2023,29764
24 October 2023,10371
25 October 2023,32639
26 October 2023,14792
27 October 2023,27191
28 October 2023,33998
29 October 2023,50484
30 October 2023,27446
31 October 2023,11796
01 November 2023,18501
02 November 2023,37046
03 November 2023,25743
04 November 2023,23159
05 November 2023,37106
06 November 2023,40817
07 November 2023,10102
08 November 2023,6110
09 November 2023,28174
10 November 2023,29872
11 November 2023,25846
12 November 2023,46055
13 November 2023,6221
14 November 2023,9459
15 November 2023,3968
16 November 2023,4513
17 November 2023,27640
18 November 2023,31665
19 November 2023,84997
20 November 2023,79833
21 November 2023,5099
22 November 2023,7965
23 November 2023,10345
24 November 2023,9661
25 November 2023,93212
26 November 2023,96344
27 November 2023,21253
28 November 2023,15600
29 November 2023,5950
30 November 2023,11058
01 December 2023,77421
02 December 2023,75042
03 December 2023,48994
04 December 2023,20672
05 December 2023,9234
06 December 2023,32903
07 December 2023,14956
08 December 2023,8173
09 December 2023,16792
10 December 2023,7026
11 December 2023,33932
12 December 2023,25277
13 December 2023,15661
14 December 2023,21384
15 December 2023,9473
16 December 2023,8517
17 December 2023,6403
18 December 2023,8002
19 December 2023,13613
20 December 2023,16786
21 December 2023,35747
22 December 2023,72774
23 December 2023,11220
24 December 2023,23482
25 December 2023,20960
26 December 2023,8706
27 December 2023,18632
28 December 2023,62134
29 December 2023,91768
30 December 2023,91183
01 January 2024,3288
03 January 2024,43671
04 January 2024,84032
05 January 2024,293383
06 January 2024,76641
07 January 2024,186274
08 January 2024,20506
09 January 2024,11669
10 January 2024,27124
11 January 2024,71320
12 January 2024,83416
13 January 2024,120850
14 January 2024,48022
15 January 2024,22548
16 January 2024,9349
17 January 2024,33131
18 January 2024,8903
19 January 2024,11304
20 January 2024,29145
21 January 2024,98354
22 January 2024,24630
23 January 2024,100536
24 January 2024,8303
25 January 2024,17234
26 January 2024,12088
27 January 2024,17208
28 January 2024,54508
29 January 2024,10813
30 January 2024,23167
31 January 2024,11864
01 February 2024,8655
02 February 2024,36811
03 February 2024,1470
04 February 2024,34883
05 February 2024,45951
06 February 2024,17585
07 February 2024,36549
08 February 2024,15211
09 February 2024,2318
10 February 2024,30426
11 February 2024,22729
12 February 2024,22180
13 February 2024,61063
14 February 2024,30055
15 February 2024,12245
16 February 2024,90678
17 February 2024,25390
18 February 2024,119749
19 February 2024,5174
20 February 2024,18563
21 February 2024,13621
22 February 2024,23714
23 February 2024,71791
24 February 2024,98192
25 February 2024,18295
26 February 2024,4051
27 February 2024,8028
28 February 2024,1603
29 February 2024,13534
01 March 2024,50895
02 March 2024,72524
03 March 2024,56195
04 March 2024,13682
05 March 2024,4332
06 March 2024,2663
07 March 2024,2330
08 March 2024,48992
09 March 2024,85627
10 March 2024,45465
11 March 2024,45535
12 March 2024,23082
13 March 2024,6671
14 March 2024,2910
15 March 2024,4542
16 March 2024,7819
17 March 2024,2402
18 March 2024,5182
19 March 2024,10201
20 March 2024,16403
21 March 2024,9562
22 March 2024,8395
24 March 2024,26721
25 March 2024,64277
26 March 2024,56175
27 March 2024,51087
28 March 2024,12098
29 March 2024,6171
31 March 2024,1618
01 April 2024,36008
02 April 2024,13181
03 April 2024,19439
04 April 2024,2648
05 April 2024,11255
07 April 2024,9877
08 April 2024,13522
09 April 2024,7323
10 April 2024,4393
11 April 2024,9636
12 April 2024,36558
13 April 2024,44549
14 April 2024,10429
15 April 2024,879
16 April 2024,2805
17 April 2024,10877
18 April 2024,12482
19 April 2024,4366
20 April 2024,40215
21 April 2024,6434
22 April 2024,7965
23 April 2024,11132
24 April 2024,3958
25 April 2024,2353
26 April 2024,2687
27 April 2024,6645
28 April 2024,10243
30 April 2024,2388
02 May 2024,4070
03 May 2024,14173
04 May 2024,33271
05 May 2024,91084
06 May 2024,9945
07 May 2024,13993
08 May 2024,4975
09 May 2024,3178
10 May 2024,1378
11 May 2024,27762
01 June 2024,7244
