Week,Average Views
29 May 2023 - 04 June 2023,19988
05 June 2023 - 11 June 2023,24308
12 June 2023 - 18 June 2023,40273
19 June 2023 - 25 June 2023,23502
26 June 2023 - 02 July 2023,32963
03 July 2023 - 09 July 2023,27938
10 July 2023 - 16 July 2023,29513
17 July 2023 - 23 July 2023,23803
24 July 2023 - 30 July 2023,30442
31 July 2023 - 06 August 2023,32620
07 August 2023 - 13 August 2023,23776
14 August 2023 - 20 August 2023,28952
21 August 2023 - 27 August 2023,35888
28 August 2023 - 03 September 2023,21513
04 September 2023 - 10 September 2023,26672
11 September 2023 - 17 September 2023,30080
18 September 2023 - 24 September 2023,20273
25 September 2023 - 01 October 2023,29127
02 October 2023 - 08 October 2023,28429
09 October 2023 - 15 October 2023,34145
16 October 2023 - 22 October 2023,30485
23 October 2023 - 29 October 2023,28462
30 October 2023 - 05 November 2023,25828
06 November 2023 - 12 November 2023,26710
13 November 2023 - 19 November 2023,24066
20 November 2023 - 26 November 2023,43208
27 November 2023 - 03 December 2023,36474
04 December 2023 - 10 December 2023,15679
11 December 2023 - 17 December 2023,17235
18 December 2023 - 24 December 2023,25946
25 December 2023 - 31 December 2023,48897
01 January 2024 - 07 January 2024,114548
08 January 2024 - 14 January 2024,54701
15 January 2024 - 21 January 2024,30390
22 January 2024 - 28 January 2024,33501
29 January 2024 - 04 February 2024,18237
05 February 2024 - 11 February 2024,24395
12 February 2024 - 18 February 2024,51622
19 February 2024 - 25 February 2024,35621
26 February 2024 - 03 March 2024,29547
04 March 2024 - 10 March 2024,29013
11 March 2024 - 17 March 2024,13280
18 March 2024 - 24 March 2024,12744
25 March 2024 - 31 March 2024,31904
01 April 2024 - 07 April 2024,15401
08 April 2024 - 14 April 2024,18058
15 April 2024 - 21 April 2024,11151
22 April 2024 - 28 April 2024,6426
29 April 2024 - 05 May 2024,28997
06 May 2024 - 12 May 2024,10205
27 May 2024 - 02 June 2024,7244
