Average Views,Date
19988,04 June 2023
27245,05 June 2023
20192,06 June 2023
14173,07 June 2023
32857,08 June 2023
28654,09 June 2023
26989,10 June 2023
20047,11 June 2023
10091,12 June 2023
15853,13 June 2023
27406,14 June 2023
30229,15 June 2023
19107,16 June 2023
139820,17 June 2023
39408,18 June 2023
24570,19 June 2023
19560,20 June 2023
21600,21 June 2023
21146,22 June 2023
32285,23 June 2023
27580,24 June 2023
17775,25 June 2023
44855,26 June 2023
44606,27 June 2023
11015,28 June 2023
35510,29 June 2023
36469,30 June 2023
17900,01 July 2023
40388,02 July 2023
46658,03 July 2023
10162,04 July 2023
21523,05 July 2023
25001,06 July 2023
36478,07 July 2023
25203,08 July 2023
30543,09 July 2023
20319,10 July 2023
11881,11 July 2023
54197,12 July 2023
44830,13 July 2023
18101,14 July 2023
32898,15 July 2023
24371,16 July 2023
22800,17 July 2023
46064,18 July 2023
15859,19 July 2023
14597,20 July 2023
8958,21 July 2023
41332,22 July 2023
17017,23 July 2023
25374,24 July 2023
25829,25 July 2023
28104,26 July 2023
36867,27 July 2023
29252,28 July 2023
27862,29 July 2023
39806,30 July 2023
50225,31 July 2023
38580,01 August 2023
29950,02 August 2023
25124,03 August 2023
20187,04 August 2023
47587,05 August 2023
16687,06 August 2023
19212,07 August 2023
14842,08 August 2023
53115,09 August 2023
27204,10 August 2023
25284,11 August 2023
12120,12 August 2023
14658,13 August 2023
22399,14 August 2023
33514,15 August 2023
47010,16 August 2023
22356,17 August 2023
24644,18 August 2023
22536,19 August 2023
30207,20 August 2023
12869,21 August 2023
20695,22 August 2023
25065,23 August 2023
21715,24 August 2023
13750,25 August 2023
22182,26 August 2023
134944,27 August 2023
12126,28 August 2023
31393,29 August 2023
14990,30 August 2023
30457,31 August 2023
8795,01 September 2023
10016,02 September 2023
42819,03 September 2023
14655,04 September 2023
19239,05 September 2023
23682,06 September 2023
42871,07 September 2023
28231,08 September 2023
38535,09 September 2023
19497,10 September 2023
18492,11 September 2023
11547,12 September 2023
43778,13 September 2023
48944,14 September 2023
20062,15 September 2023
51017,16 September 2023
16723,17 September 2023
11256,18 September 2023
23545,19 September 2023
26215,20 September 2023
9198,21 September 2023
24034,22 September 2023
27691,23 September 2023
19972,24 September 2023
28482,25 September 2023
26752,26 September 2023
20177,27 September 2023
29486,28 September 2023
22712,29 September 2023
43915,30 September 2023
32368,01 October 2023
33613,02 October 2023
17878,03 October 2023
46565,04 October 2023
22959,05 October 2023
28697,06 October 2023
18516,07 October 2023
30780,08 October 2023
24477,09 October 2023
46814,10 October 2023
17745,11 October 2023
41114,12 October 2023
34535,13 October 2023
37619,14 October 2023
36716,15 October 2023
29528,16 October 2023
39502,17 October 2023
12226,18 October 2023
46588,19 October 2023
20425,20 October 2023
25280,21 October 2023
39852,22 October 2023
29764,23 October 2023
10371,24 October 2023
32639,25 October 2023
14792,26 October 2023
27191,27 October 2023
33998,28 October 2023
50484,29 October 2023
27446,30 October 2023
11796,31 October 2023
18501,01 November 2023
37046,02 November 2023
25743,03 November 2023
23159,04 November 2023
37106,05 November 2023
40817,06 November 2023
10102,07 November 2023
6110,08 November 2023
28174,09 November 2023
29872,10 November 2023
25846,11 November 2023
46055,12 November 2023
6221,13 November 2023
9459,14 November 2023
3968,15 November 2023
4513,16 November 2023
27640,17 November 2023
31665,18 November 2023
84997,19 November 2023
79833,20 November 2023
5099,21 November 2023
7965,22 November 2023
10345,23 November 2023
9661,24 November 2023
93212,25 November 2023
96344,26 November 2023
21253,27 November 2023
15600,28 November 2023
5950,29 November 2023
11058,30 November 2023
77421,01 December 2023
75042,02 December 2023
48994,03 December 2023
20672,04 December 2023
9234,05 December 2023
32903,06 December 2023
14956,07 December 2023
8173,08 December 2023
16792,09 December 2023
7026,10 December 2023
33932,11 December 2023
25277,12 December 2023
15661,13 December 2023
21384,14 December 2023
9473,15 December 2023
8517,16 December 2023
6403,17 December 2023
8002,18 December 2023
13613,19 December 2023
16786,20 December 2023
35747,21 December 2023
72774,22 December 2023
11220,23 December 2023
23482,24 December 2023
20960,25 December 2023
8706,26 December 2023
18632,27 December 2023
62134,28 December 2023
91768,29 December 2023
91183,30 December 2023
3288,01 January 2024
43671,03 January 2024
84032,04 January 2024
293383,05 January 2024
76641,06 January 2024
186274,07 January 2024
20506,08 January 2024
11669,09 January 2024
27124,10 January 2024
71320,11 January 2024
83416,12 January 2024
120850,13 January 2024
48022,14 January 2024
22548,15 January 2024
9349,16 January 2024
33131,17 January 2024
8903,18 January 2024
11304,19 January 2024
29145,20 January 2024
98354,21 January 2024
24630,22 January 2024
100536,23 January 2024
8303,24 January 2024
17234,25 January 2024
12088,26 January 2024
17208,27 January 2024
54508,28 January 2024
10813,29 January 2024
23167,30 January 2024
11864,31 January 2024
8655,01 February 2024
36811,02 February 2024
1470,03 February 2024
34883,04 February 2024
45951,05 February 2024
17585,06 February 2024
36549,07 February 2024
15211,08 February 2024
2318,09 February 2024
30426,10 February 2024
22729,11 February 2024
22180,12 February 2024
61063,13 February 2024
30055,14 February 2024
12245,15 February 2024
90678,16 February 2024
25390,17 February 2024
119749,18 February 2024
5174,19 February 2024
18563,20 February 2024
13621,21 February 2024
23714,22 February 2024
71791,23 February 2024
98192,24 February 2024
18295,25 February 2024
4051,26 February 2024
8028,27 February 2024
1603,28 February 2024
13534,29 February 2024
50895,01 March 2024
72524,02 March 2024
56195,03 March 2024
13682,04 March 2024
4332,05 March 2024
2663,06 March 2024
2330,07 March 2024
48992,08 March 2024
85627,09 March 2024
45465,10 March 2024
45535,11 March 2024
23082,12 March 2024
6671,13 March 2024
2910,14 March 2024
4542,15 March 2024
7819,16 March 2024
2402,17 March 2024
5182,18 March 2024
10201,19 March 2024
16403,20 March 2024
9562,21 March 2024
8395,22 March 2024
26721,24 March 2024
64277,25 March 2024
56175,26 March 2024
51087,27 March 2024
12098,28 March 2024
6171,29 March 2024
1618,31 March 2024
36008,01 April 2024
13181,02 April 2024
19439,03 April 2024
2648,04 April 2024
11255,05 April 2024
9877,07 April 2024
13522,08 April 2024
7323,09 April 2024
4393,10 April 2024
9636,11 April 2024
36558,12 April 2024
44549,13 April 2024
10429,14 April 2024
879,15 April 2024
2805,16 April 2024
10877,17 April 2024
12482,18 April 2024
4366,19 April 2024
40215,20 April 2024
6434,21 April 2024
7965,22 April 2024
11132,23 April 2024
3958,24 April 2024
2353,25 April 2024
2687,26 April 2024
6645,27 April 2024
10243,28 April 2024
2388,30 April 2024
4070,02 May 2024
14173,03 May 2024
33271,04 May 2024
91084,05 May 2024
9945,06 May 2024
13993,07 May 2024
4975,08 May 2024
3178,09 May 2024
1378,10 May 2024
27762,11 May 2024
7244,01 June 2024
